{"coverage": 93.61313868613139, "raw_data": {"meta": {"version": "7.3.2", "timestamp": "2023-10-12T18:26:11.225740", "branch_coverage": false, "show_contexts": false}, "files": {"constants.py": {"executed_lines": [1, 3, 15, 17, 19, 30], "summary": {"covered_lines": 5, "num_statements": 5, "percent_covered": 100.0, "percent_covered_display": "100", "missing_lines": 0, "excluded_lines": 0}, "missing_lines": [], "excluded_lines": []}, "input_panel/__init__.py": {"executed_lines": [1], "summary": {"covered_lines": 0, "num_statements": 0, "percent_covered": 100.0, "percent_covered_display": "100", "missing_lines": 0, "excluded_lines": 0}, "missing_lines": [], "excluded_lines": []}, "input_panel/status_helper.py": {"executed_lines": [1, 2, 5, 8, 17, 29, 35, 38, 48, 60], "summary": {"covered_lines": 9, "num_statements": 21, "percent_covered": 42.857142857142854, "percent_covered_display": "43", "missing_lines": 12, "excluded_lines": 0}, "missing_lines": [15, 24, 25, 26, 27, 32, 45, 55, 56, 57, 58, 63], "excluded_lines": []}, "models/__init__.py": {"executed_lines": [1], "summary": {"covered_lines": 0, "num_statements": 0, "percent_covered": 100.0, "percent_covered_display": "100", "missing_lines": 0, "excluded_lines": 0}, "missing_lines": [], "excluded_lines": []}, "models/database_model.py": {"executed_lines": [1, 3, 4, 5, 6, 7, 8, 10, 11, 13, 15, 16, 18, 19, 20, 21, 23, 25, 26, 27, 29, 30, 31, 35, 43, 44, 45, 46, 47, 48, 50, 53, 54, 55, 56, 57, 58, 59, 60, 62, 70, 72, 73, 74, 75, 76, 78, 80, 81, 82, 83, 84, 85, 86, 87, 88, 89, 91, 92, 93, 95, 98, 99, 100, 101, 102, 103, 104, 105, 107, 113, 115, 121, 122, 124, 125, 126, 127, 129, 130, 133, 135, 136, 138, 150, 151, 152, 154, 155, 156, 158, 165, 166, 169, 170, 173, 174, 175, 177, 184, 187, 194, 196, 199, 200, 202, 203, 204, 205, 207, 209, 219, 221, 231, 233, 234, 238, 239, 240, 242, 244, 246, 248, 249, 251, 253, 262, 264, 266, 268, 270, 271, 273, 275, 281, 282, 283, 286, 288, 289, 290, 292, 294, 300, 302, 304, 305, 307, 310, 318, 319, 321, 322, 323, 325, 326, 327, 329, 332, 333], "summary": {"covered_lines": 158, "num_statements": 176, "percent_covered": 89.77272727272727, "percent_covered_display": "90", "missing_lines": 18, "excluded_lines": 0}, "missing_lines": [33, 71, 108, 109, 110, 111, 153, 167, 178, 179, 180, 181, 182, 235, 236, 237, 320, 324], "excluded_lines": []}, "models/user_model.py": {"executed_lines": [1, 2, 3, 5, 6, 8, 16, 17, 18, 19, 20, 21, 23, 26, 29, 34, 41, 50, 51, 52, 53, 54, 55, 56], "summary": {"covered_lines": 22, "num_statements": 24, "percent_covered": 91.66666666666667, "percent_covered_display": "92", "missing_lines": 2, "excluded_lines": 0}, "missing_lines": [24, 27], "excluded_lines": []}, "output_panel/__init__.py": {"executed_lines": [1], "summary": {"covered_lines": 0, "num_statements": 0, "percent_covered": 100.0, "percent_covered_display": "100", "missing_lines": 0, "excluded_lines": 0}, "missing_lines": [], "excluded_lines": []}, "output_panel/output_controller.py": {"executed_lines": [1, 2, 3, 4, 5, 6, 8, 9, 12, 13, 14, 18, 29, 30, 31, 34, 49, 50, 51, 53, 54, 56, 57, 58, 60, 61, 62, 65, 66, 68, 72, 78, 79, 80, 81, 84, 86, 87, 88, 89, 90, 93, 94, 96, 97, 98, 99, 101, 102, 104, 105, 106, 107, 108, 109, 110, 112, 114, 115, 116], "summary": {"covered_lines": 59, "num_statements": 60, "percent_covered": 98.33333333333333, "percent_covered_display": "98", "missing_lines": 1, "excluded_lines": 0}, "missing_lines": [71], "excluded_lines": []}, "testing/__init__.py": {"executed_lines": [1], "summary": {"covered_lines": 0, "num_statements": 0, "percent_covered": 100.0, "percent_covered_display": "100", "missing_lines": 0, "excluded_lines": 0}, "missing_lines": [], "excluded_lines": []}, "testing/local_constants.py": {"executed_lines": [1, 2, 4, 13, 14, 15, 16, 17, 18, 21, 24, 25, 26, 27, 28, 29, 30, 31, 32, 33, 34, 38, 39, 40, 41, 42], "summary": {"covered_lines": 25, "num_statements": 25, "percent_covered": 100.0, "percent_covered_display": "100", "missing_lines": 0, "excluded_lines": 0}, "missing_lines": [], "excluded_lines": []}, "testing/test_database.py": {"executed_lines": [1, 2, 3, 4, 5, 6, 7, 12, 13, 15, 16, 18, 19, 21, 22, 23, 26, 27, 28, 29, 30, 32, 33, 35, 36, 37, 38, 39, 42, 46, 50, 51, 58, 64, 68, 70, 71, 73, 74, 75, 77, 78, 79, 81, 82, 83, 84, 85, 88, 94, 95, 98, 99, 100, 101, 104, 105, 106, 107, 114, 116, 120, 121, 122, 123, 129, 131, 132, 134, 137, 138, 140, 141, 143, 144, 145, 147, 148, 149, 151, 152, 154, 156, 157, 158, 159, 161, 162, 163, 164, 166, 169, 170, 171, 173, 174, 175, 176, 177, 179, 180, 181, 185, 188, 189, 190, 191, 193, 194, 195, 197, 198, 201, 202, 203, 206, 207, 210, 211, 213, 214, 216, 217, 219, 226, 227, 228, 229, 230, 231, 232, 233, 235, 237], "summary": {"covered_lines": 131, "num_statements": 133, "percent_covered": 98.49624060150376, "percent_covered_display": "98", "missing_lines": 2, "excluded_lines": 0}, "missing_lines": [102, 239], "excluded_lines": []}, "testing/test_output_controller.py": {"executed_lines": [1, 2, 3, 4, 5, 7, 9, 10, 11, 12, 15, 16, 19, 20, 25, 26, 29, 30, 32, 39, 40, 42, 43, 44, 46, 47, 49, 51, 52, 53, 55, 59, 60, 62, 63, 64, 66, 67, 70, 71, 73, 75, 76, 77, 78, 80, 87, 89, 90, 91, 94, 95, 96, 97, 99, 100, 101, 110, 111, 113, 114, 115, 123, 126, 130, 132, 133, 135, 136, 138, 139, 140, 142, 144, 145, 146, 147, 149, 160, 161], "summary": {"covered_lines": 78, "num_statements": 78, "percent_covered": 100.0, "percent_covered_display": "100", "missing_lines": 0, "excluded_lines": 0}, "missing_lines": [], "excluded_lines": []}, "testing/test_user.py": {"executed_lines": [1, 2, 3, 4, 6, 8, 11, 12, 18, 21, 22, 23, 24, 25, 26, 28, 35, 36, 39, 42, 43, 50, 52, 55, 56, 58, 59, 60], "summary": {"covered_lines": 26, "num_statements": 26, "percent_covered": 100.0, "percent_covered_display": "100", "missing_lines": 0, "excluded_lines": 0}, "missing_lines": [], "excluded_lines": []}}, "totals": {"covered_lines": 513, "num_statements": 548, "percent_covered": 93.61313868613139, "percent_covered_display": "94", "missing_lines": 35, "excluded_lines": 0}}, "coverage_path": "."}